AAF,FLORIDA
ABE,PENNSYLVANIA
ABI,TEXAS
ABL,ALASKA
ABQ,NEWMEXICO
ABR,SOUTHDAKOTA
ABY,GEORGIA
ACB,MICHIGAN
ACK,MASSACHUSETTS
ACT,TEXAS
ACV,CALIFORNIA
ACY,NEWJERSEY
ADG,MICHIGAN
ADK,ALASKA
ADM,OKLAHOMA
ADQ,ALASKA
ADR,SOUTHCAROLINA
ADS,TEXAS
ADT,OKLAHOMA
ADW,MARYLAND
AEL,MINNESOTA
AET,ALASKA
AEX,LOUISIANA
AFN,NEWHAMPSHIRE
AFO,WYOMING
AFW,TEXAS
AGC,PENNSYLVANIA
AGN,ALASKA
AGO,ARKANSAS
AGS,GEORGIA
AHD,OKLAHOMA
AHF,NEBRASKA
AHH,WISCONSIN
AHN,GEORGIA
AHT,ALASKA
AIA,NEBRASKA
AIB,ALASKA
AID,INDIANA
AIK,SOUTHCAROLINA
AIN,ALASKA
AIO,IOWA
AIV,ALABAMA
AIY,NEWJERSEY
AIZ,MISSOURI
AKB,ALASKA
AKC,OHIO-FULTON
AKI,ALASKA
AKK,ALASKA
AKN,ALASKA
AKO,COLORADO
AKP,ALASKA
ALB,NEWYORK
ALE,TEXAS
ALI,TEXAS
ALM,NEWMEXICO
ALN,ILLINOIS
ALO,IOWA
ALS,COLORADO
ALW,WASHINGTON
ALX,ALABAMA
ALZ,ALASKA
AMA,TEXAS
AMK,COLORADO
AMN,MICHIGAN
AMW,IOWA
ANB,ALABAMA
ANC,ALASKA
AND,SOUTHCAROLINA
ANI,ALASKA
ANN,ALASKA
ANP,MARYLAND
ANQ,INDIANA
ANV,ALASKA
ANW,NEBRASKA
ANY,KANSAS
AOH,OHIO
AOO,PENNSYLVANIA
AOS,ALASKA
APA,COLORADO
APC,CALIFORNIA
APF,FLORIDA
APG,MARYLAND
APH,VIRGINIA
APN,MICHIGAN
APT,TENNESSEE
APV,CALIFORNIA
AQY,ALASKA
ARA,LOUISIANA
ARB,MICHIGAN
ARC,ALASKA
ARG,ARKANSAS
ART,NEWYORK
ARV,WISCONSIN
ARX,NEWJERSEY
ASE,COLORADO
ASH,NEWHAMPSHIRE
ASL,TEXAS
ASN,ALABAMA
ASQ,NEVADA
AST,OREGON
ASX,WISCONSIN
ASY,NORTHDAKOTA
ATE,OKLAHOMA
ATK,ALASKA
ATL,GEORGIA
ATO,OHIO
ATS,NEWMEXICO
ATT,ALASKA
ATU,ALASKA
ATW,WISCONSIN
ATY,SOUTHDAKOTA
AUG,MAINE
AUK,ALASKA
AUM,MINNESOTA
AUN,CALIFORNIA
AUO,ALABAMA
AUS,TEXAS
AUW,WISCONSIN
AUZ,ILLINOIS
AVC,COLORADO
AVL,NORTHCAROLINA
AVO,FLORIDA
AVP,PA
AVW,ARIZONA
AVX,CALIFORNIA
AWM,ARKANSAS
AXB,NEWYORK
AXG,IOWA
AXN,MINNESOTA
AXS,OKLAHOMA
AXV,OHIO
AXX,NEWMEXICO
AYS,GEORGIA
AYZ,NEWYORK
AZO,MICHIGAN
BAB,CALIFORNIA
BAD,LOUISIANA
BAF,MASSACHUSETTS
BAM,NEVADA
BAR,ALASKA
BBB,MINNESOTA
BBC,TEXAS
BBD,TEXAS
BBF,MASSACHUSETTS
BBW,NEBRASKA
BBX,PENNSYLVANIA
BCB,VIRGINIA
BCC,ALASKA
BCE,UTAH
BCJ,COLORADO
BCS,LOUISIANA
BCT,FLORIDA
BDE,MINNESOTA
BDF,ILLINOIS
BDG,UTAH
BDR,CONNECTICUT
BDX,MONTANA
BDY,OREGON
BED,MASSACHUSETTS
BEH,MICHIGAN
BET,ALASKA
BFB,ALASKA
BFD,PENNSYLVANIA
BFF,NEBRASKA
BFG,UTAH
BFI,WASHINGTON
BFK,COLORADO
BFL,CALIFORNIA
BFM,ALABAMA
BFP,NEWJERSEY
BFR,INDIANA
BFT,SOUTHCAROLINA
BGD,TEXAS
BGE,GEORGIA
BGM,NEWYORK
BGQ,ALASKA
BGR,MAINE
BGS,TEXAS
BGT,ARIZONA
BHB,MAINE
BHM,ALABAMA
BIC,ALASKA
BID,RHODEISLAND
BIE,NEBRASKA
BIF,TEXAS
BIG,ALASKA
BIH,CALIFORNIA
BIL,MONTANA
BIS,NORTHDAKOTA
BIX,MISSISSIPPI
BJC,COLORADO
BJI,MINNESOTA
BJJ,OHIO
BKC,ALASKA
BKD,TEXAS
BKE,OREGON
BKF,ALASKA
BKL,OHIO
BKT,VIRGINIA
BKW,WESTVIRGINIA
BKX,SOUTHDAKOTA
BLF,WV
BLH,CALIFORNIA
BLI,WASHINGTON
BLM,NEWJERSEY
BLV,ILLINOIS
BMC,UTAH
BMG,INDIANA
BMI,ILLINOIS
BML,NEWHAMPSHIRE
BMX,ALASKA
BNA,TENNESSEE
BNF,ALASKA
BNG,CALIFORNIA
BNL,SOUTHCAROLINA
BNO,OREGON
BNW,IOWA
BOI,IDAHO
BOK,OREGON
BOS,MASSACHUSETTS
BOW,FLORIDA
BPA,NEWYORK
BPI,WYOMING
BPT,TEXAS
BQK,GEORGIA
BQV,ALASKA
BRD,MINNESOTA
BRG,KENTUCKY
BRL,IOWA
BRO,TEXAS
BRW,ALASKA
BRY,KENTUCKY
BSI,PENNSYLVANIA
BSM,TEXAS
BSQ,ARIZONA
BSW,ALASKA
BSZ,ALASKA
BTF,UTAH
BTI,ALASKA
BTL,MICHIGAN
BTM,MONTANA
BTN,SOUTHCAROLINA
BTP,PENNSYLVANIA
BTR,LOUISIANA
BTT,ALASKA
BTV,VERMONT
BTY,NEVADA
BUB,NEBRASKA
BUF,NEWYORK
BUM,MISSOURI
BUR,CALIFORNIA
BVD,ALASKA
BVO,OKLAHOMA
BVU,ALASKA
BVX,ARKANSAS
BVY,MASSACHUSETTS
BWC,CALIFORNIA
BWD,TEXAS
BWG,KENTUCKY
BWI,MARYLAND
BWL,OKLAHOMA
BWM,NORTHDAKOTA
BWS,WASHINGTON
BXA,LOUISIANA
BXC,MASSACHUSETTS
BXK,ARIZONA
BXS,CALIFORNIA
BYA,ALASKA
BYG,WYOMING
BYH,ARKANSAS
BYI,IDAHO
BYW,WASHINGTON
BZN,MONTANA
BZT,TEXAS
CAD,MICHIGAN
CAE,SOUTHCAROLINA
CAK,OHIO
CAO,NEWMEXICO
CAR,MAINE
CBA,ALASKA
CBE,MARYLAND
CBF,IOWA
CBK,KANSAS
CBM,MISSISSIPPI
CBZ,ALASKA
CCB,CALIFORNIA
CCG,TEXAS
CCR,CALIFORNIA
CCY,IOWA
CDB,ALASKA
CDC,UTAH
CDH,ARKANSAS
CDK,FLORIDA
CDL,ALASKA
CDN,SOUTHCAROLINA
CDR,NEBRASKA
CDS,TEXAS
CDV,ALASKA
CDW,NEWJERSEY
CEC,CALIFORNIA
CEF,MASSACHUSETTS
CEM,ALASKA
CEU,SOUTHCAROLINA
CEV,INDIANA
CEW,FLORIDA
CEX,ALASKA
CEY,KENTUCKY
CEZ,COLORADO
CFA,ALASKA
CFT,ARIZONA
CGA,ALASKA
CGE,MARYLAND
CGF,OHIO
CGI,MISSOURI
CGS,MARYLAND
CGX,ILLINOIS
CGZ,ARIZONA
CHA,TENNESSEE
CHD,ARIZONA
CHI,ILLINOIS
CHK,OKLAHOMA
CHL,IDAHO
CHO,VIRGINIA
CHP,ALASKA
CHS,SOUTHCAROLINA
CHU,ALASKA
CHZ,OREGON
CIB,CALIFORNIA
CIC,CALIFORNIA
CID,IOWA
CIG,COLORADO
CIK,ALASKA
CIL,ALASKA
CIN,IOWA
CIR,ILLINOIS
CIU,MICHIGAN
CIV,ALASKA
CJN,CALIFORNIA
CKB,WESTVIRGINIA
CKD,ALASKA
CKE,CALIFORNIA
CKK,ARKANSAS
CKM,MISSISSIPPI
CKN,MINNESOTA
CKR,WASHINGTON
CKV,TENNESSEE
CKX,ALASKA
CLC,TEXAS
CLD,CALIFORNIA
CLE,OHIO
CLG,CALIFORNIA
CLK,OKLAHOMA
CLL,TEXAS
CLM,WASHINGTON
CLP,ALASKA
CLR,CALIFORNIA
CLS,WASHINGTON
CLT,NORTHCAROLINA
CLU,INDIANA
CMH,OHIO
CMI,ILLINOIS
CMX,MICHIGAN
CMY,WISCONSIN
CNE,COLORADO
CNH,NEWHAMPSHIRE
CNK,KANSAS
CNM,NEWMEXICO
CNO,CALIFORNIA
CNU,KANSAS
CNW,TEXAS
CNY,UTAH
COA,CALIFORNIA
COD,WYOMING
COE,IDAHO
COF,FLORIDA
COI,FLORIDA
COM,TEXAS
CON,NEWHAMPSHIRE
COS,COLORADO
COT,TEXAS
COU,MISSOURI
CPM,CALIFORNIA
CPR,WYOMING
CPS,MISSOURI
CRE,SOUTHCAROLINA
CRG,FLORIDA
CRO,CALIFORNIA
CRP,TEXAS
CRS,TEXAS
CRT,ARKANSAS
CRW,WESTVIRGINIA
CRX,MISSISSIPPI
CSE,COLORADO
CSG,GEORGIA
CSH,ALASKA
CSM,OKLAHOMA
CSN,NEVADA
CSQ,IOWA
CSV,TENNESSEE
CTB,MONTANA
CTH,PENNSYLVANIA
CTK,SOUTHDAKOTA
CTO,NEWYORK
CTW,ARIZONA
CTX,NEWYORK
CTY,FLORIDA
CTZ,NORTHCAROLINA
CUB,SOUTHCAROLINA
CUH,OKLAHOMA
CUS,NEWMEXICO
CUW,ALASKA
CVG,OHIO
CVN,NEWMEXICO
CVO,OREGON
CVR,CALIFORNIA
CVS,NEWMEXICO
CWA,WISCONSIN
CWG,GEORGIA
CWI,IOWA
CWS,WASHINGTON
CXC,ALASKA
CXF,ALASKA
CXL,CALIFORNIA
CXO,TEXAS
CYE,PENNSYLVANIA
CYF,ALASKA
CYM,ALASKA
CYS,WYOMING
CYT,ALASKA
CZC,ALASKA
CZF,ALASKA
CZK,OREGON
CZN,ALASKA
CZO,ALASKA
CZP,ALASKA
CZT,TEXAS
DAB,FLORIDA
DAG,CALIFORNIA
DAL,TEXAS
DAN,VIRGINIA
DAY,OHIO
DBN,GEORGIA
DBQ,IOWA
DBS,IDAHO
DCA,D.C.
DCK,ALASKA
DCR,INDIANA
DCU,ALABAMA
DDC,KANSAS
DEC,ILLINOIS
DEH,IOWA
DEN,COLORADO
DEO,MICHIGAN
DET,MICHIGAN
DFB,ALASKA
DFI,OHIO
DFW,TEXAS
DGB,ALASKA
DGL,ARIZONA
DGW,WYOMING
DHN,ALABAMA
DHT,TEXAS
DIK,NORTHDAKOTA
DIO,ALASKA
DJN,ALASKA
DKK,NEWYORK
DLF,TEXAS
DLG,ALASKA
DLH,MINNESOTA
DLL,SOUTHCAROLINA
DLN,MONTANA
DLO,ALASKA
DLS,OREGON
DMA,ARIZONA
DMO,MISSOURI
DNL,GEORGIA
DNN,GEORGIA
DNS,IOWA
DNV,ILLINOIS
DOF,ALASKA
DOV,DELAWARE
DPA,ILLINOIS
DPG,UTAH
DPK,NEWYORK
DRA,NEVADA
DRE,MICHIGAN
DRF,ALASKA
DRG,ALASKA
DRO,COLORADO
DRT,TEXAS
DRU,MONTANA
DSI,FLORIDA
DSM,IOWA
DSV,NEWYORK
DTA,UTAH
DTH,CALIFORNIA
DTL,MINNESOTA
DTR,WASHINGTON
DTT,MICHIGAN
DTW,MICHIGAN
DUA,OKLAHOMA
DUC,OKLAHOMA
DUF,NORTHCAROLINA
DUG,ARIZONA
DUJ,PENNSYLVANIA
DUT,ALASKA
DVL,NORTHDAKOTA
DVN,IOWA
DVT,ARIZONA
DVX,DELAWARE
DXR,CONNECTICUT
DYL,PENNSYLVANIA
DYS,TEXAS
EAA,ALASKA
EAN,WYOMING
EAR,NEBRASKA
EAT,WASHINGTON
EAU,WISCONSIN
EBS,IOWA
ECA,MICHIGAN
ECG,NORTHCAROLINA
ECS,WYOMING
EDA,ALASKA
EDE,NORTHCAROLINA
EDF,ALASKA
EDK,KANSAS
EDW,CALIFORNIA
EED,CALIFORNIA
EEK,ALASKA
EEN,NEWHAMPSHIRE
EFB,ALASKA
EFD,TEXAS
EFK,VERMONT
EFW,IOWA
EGE,COLORADO
EGI,FLORIDA
EGP,TEXAS
EGV,WISCONSIN
EGX,ALASKA
EHM,ALASKA
EHT,CONNECTICUT
EIL,ALASKA
EKA,CALIFORNIA
EKI,INDIANA
EKN,WESTVIRGINIA
EKO,NEVADA
EKX,KY
ELA,TEXAS
ELD,ARKANSAS
ELI,ALASKA
ELK,OKLAHOMA
ELM,NEWYORK
ELN,WASHINGTON
ELP,TEXAS
ELV,ALASKA
ELW,ALASKA
ELY,NEVADA
ELZ,NEWYORK
EMK,ALASKA
EMM,WYOMING
EMP,KANSAS
EMT,CALIFORNIA
ENA,ALASKA
END,OKLAHOMA
ENL,ILLINOIS
ENN,ALASKA
ENV,UTAH
ENW,WISCONSIN
EOK,IOWA
EOS,MISSOURI
EPG,NEBRASKA
EPH,WASHINGTON
ERI,PENNSYLVANIA
ERR,NEWHAMPSHIRE
ERV,TEXAS
ESC,MICHIGAN
ESD,WASHINGTON
ESF,LOUISIANA
ESN,MARYLAND
ESO,NEWMEXICO
ESP,PENNSYLVANIA
EST,IOWA
ESW,WASHINGTON
ETB,WISCONSIN
ETN,TEXAS
ETS,ALABAMA
EUE,NEVADA
EUF,ALABAMA
EUG,OREGON
EVA,TEXAS
EVM,MINNESOTA
EVV,INDIANA
EVW,WYOMING
EWB,MASSACHUSETTS
EWK,KANSAS
EWN,NORTHCAROLINA
EWR,NEWJERSEY
EXI,ALASKA
EYR,NEVADA
EYW,FLORIDA
FAI,ALASKA
FAK,ALASKA
FAL,TEXAS
FAM,MISSOURI
FAR,NORTHDAKOTA
FAT,CALIFORNIA
FAY,NORTHCAROLINA
FBK,ALASKA
FBL,MINNESOTA
FBR,WYOMING
FBY,NEBRASKA
FCA,MONTANA
FCH,CALIFORNIA
FCM,MN-CLOUD
FCY,ARKANSAS
FDK,MARYLAND
FDR,OKLAHOMA
FDY,OHIO
FEP,ILLINOIS
FET,NEBRASKA
FEW,WYOMING
FFA,NC
FFL,IOWA
FFM,MINNESOTA
FFO,OHIO
FFT,KENTUCKY
FHU,ARIZONA
FIC,ALASKA
FID,NEWYORK
FIL,UTAH
FIV,ALASKA
FKL,PA
FKN,VIRGINIA
FLD,WISCONSIN
FLG,ARIZONA
FLJ,ALASKA
FLL,FLORIDA
FLO,SOUTHCAROLINA
FLP,ARKANSAS
FLT,ALASKA
FLX,NEVADA
FMC,ALASKA
FMH,MASSACHUSETTS
FMN,NEWMEXICO
FMS,IOWA
FMY,FLORIDA
FNK,ALASKA
FNL,CO
FNR,ALASKA
FNT,MICHIGAN
FOB,CALIFORNIA
FOD,IOWA
FOE,KANSAS
FOK,NEWYORK
FOX,ALASKA
FPR,FLORIDA
FPY,FLORIDA
FRD,WASHINGTON
FRG,NEWYORK
FRH,INDIANA
FRM,MINNESOTA
FRP,ALASKA
FRR,VIRGINIA
FRY,MAINE
FSD,SOUTHDAKOTA
FSI,OKLAHOMA
FSK,KANSAS
FSM,ARKANSAS
FST,TEXAS
FSU,NEWMEXICO
FTL,ALASKA
FTW,TEXAS
FTY,GEORGIA
FUL,CALIFORNIA
FVD,TEXAS
FVE,CALIFORNIA
FWA,INDIANA
FWH,TEXAS
FWL,ALASKA
FXE,FLORIDA
FXM,ALASKA
FXY,IOWA
FYM,TENNESSEE
FYU,ALASKA
FYV,ARKANSAS
GAB,NEVADA
GAD,ALABAMA
GAG,OKLAHOMA
GAI,MARYLAND
GAK,ALASKA
GAL,ALASKA
GAM,ALASKA
GBD,KANSAS
GBG,ILLINOIS
GBH,ALASKA
GBO,MARYLAND
GBR,MA
GCC,WYOMING
GCK,KANSAS
GCN,ARIZONA
GCY,TENNESSEE
GDC,SC
GDM,MASSACHUSETTS
GDV,MONTANA
GDW,MICHIGAN
GED,DELAWARE
GEG,WASHINGTON
GEK,ALASKA
GEY,WYOMING
GFA,MONTANA
GFB,ALASKA
GFD,INDIANA
GFK,NORTHDAKOTA
GFL,NEWYORK
GGE,SOUTHCAROLINA
GGG,TEXAS
GGW,MONTANA
GHM,TENNESSEE
GIF,FLORIDA
GJT,COLORADO
GKN,ALASKA
GKT,TENNESSEE
GLD,KANSAS
GLE,TEXAS
GLH,MISSISSIPPI
GLQ,ALASKA
GLR,MICHIGAN
GLS,TEXAS
GLV,ALASKA
GLW,KENTUCKY
GMT,ALASKA
GMU,SC
GNG,IDAHO
GNT,NEWMEXICO
GNU,ALASKA
GNV,FLORIDA
GNY,COLORADO
GOK,OKLAHOMA
GOL,OREGON
GON,CONNECTICUT
GPT,MISSISSIPPI
GPZ,MINNESOTA
GQQ,OHIO
GRB,WISCONSIN
GRD,SOUTHCAROLINA
GRE,ILLINOIS
GRF,WASHINGTON
GRI,NEBRASKA
GRK,TEXAS
GRM,MINNESOTA
GRN,NEBRASKA
GRR,MICHIGAN
GSB,NORTHCAROLINA
GSH,INDIANA
GSO,NC
GSP,SC
GST,ALASKA
GTF,MONTANA
GTG,WISCONSIN
GTR,MISSISSIPPI
GTY,PENNSYLVANIA
GUC,COLORADO
GUF,ALABAMA
GUP,NEWMEXICO
GUS,INDIANA
GUY,OKLAHOMA
GVE,VIRGINIA
GVL,GEORGIA
GVT,TEXAS
GVW,MISSOURI
GWO,MISSISSIPPI
GWS,COLORADO
GXY,COLORADO
GYR,ARIZONA
GYY,INDIANA
HAB,ALABAMA
HAE,ARIZONA
HAF,CALIFORNIA
HAO,OHIO
HAR,PENNSYLVANIA
HAY,ALASKA
HBB,NEWMEXICO
HBC,ALASKA
HBH,ALASKA
HBK,ALASKA
HBO,NEBRASKA
HBR,OKLAHOMA
HCA,TEXAS
HCB,ALASKA
HCC,NEWYORK
HCR,ALASKA
HCW,SOUTHCAROLINA
HDA,ALASKA
HDE,NEBRASKA
HDN,COLORADO
HED,ALASKA
HEE,ARKANSAS
HES,OREGON
HEZ,MISSISSIPPI
HFF,NORTHCAROLINA
HGR,MARYLAND
HGZ,ALASKA
HHH,SC
HHR,CALIFORNIA
HIB,MINNESOTA
HIE,NEWHAMPSHIRE
HIF,UTAH
HII,ARIZONA
HIK,HAWAII
HIO,OREGON
HKA,ARKANSAS
HKB,ALASKA
HKS,MISSISSIPPI
HKY,NORTHCAROLINA
HLB,INDIANA
HLC,KANSAS
HLG,WESTVIRGINIA
HLI,CALIFORNIA
HLM,MICHIGAN
HLN,MONTANA
HMN,NEWMEXICO
HMS,ALASKA
HMT,CALIFORNIA
HNB,INDIANA
HNC,NORTHCAROLINA
HNE,ALASKA
HNH,ALASKA
HNS,ALASKA
HNX,WYOMING
HOB,NEWMEXICO
HOL,ALASKA
HOM,ALASKA
HON,SOUTHDAKOTA
HOP,KENTUCKY
HOT,ARKANSAS
HOU,TEXAS
HPB,ALASKA
HPN,NEWYORK
HPT,IOWA
HPY,TEXAS
HQM,WASHINGTON
HRL,TEXAS
HRO,ARKANSAS
HSB,ILLINOIS
HSH,NEVADA
HSI,NEBRASKA
HSL,ALASKA
HSP,VIRGINIA
HST,FLORIDA
HSV,ALABAMA
HTH,NEVADA
HTO,NEWYORK
HTV,TEXAS
HTW,OHIO
HUA,ALABAMA
HUD,IOWA
HUF,INDIANA
HUJ,OKLAHOMA
HUL,MAINE
HUM,LOUISIANA
HUS,ALASKA
HUT,KANSAS
HVE,UTAH
HVN,CONNECTICUT
HVR,MONTANA
HVS,SOUTHCAROLINA
HWD,CALIFORNIA
HWI,ALASKA
HYA,MASSACHUSETTS
HYG,ALASKA
HYL,ALASKA
HYR,WISCONSIN
HYS,KANSAS
HZL,PENNSYLVANIA
IAB,KANSAS
IAD,D.C.
IAG,NEWYORK
IAH,TEXAS
IAN,ALASKA
ICL,IOWA
ICT,KANSAS
ICY,ALASKA
IDA,IDAHO
IDG,IOWA
IDI,PENNSYLVANIA
IFA,IOWA
IGG,ALASKA
IGM,ARIZONA
IJX,ILLINOIS
IKB,NORTHCAROLINA
IKK,ILLINOIS
IKO,ALASKA
ILE,TEXAS
ILI,ALASKA
ILL,MINNESOTA
ILM,NORTHCAROLINA
ILN,OHIO
IML,NEBRASKA
IMM,FLORIDA
IMT,MICHIGAN
IND,INDIANA
INK,TEXAS
INL,MINNESOTA
INS,NEVADA
INT,NORTHCAROLINA
INW,ARIZONA
IOW,IOWA
IPL,CALIFORNIA
IPT,PENNSYLVANIA
IRB,TEXAS
IRC,ALASKA
IRK,MISSOURI
IRS,MICHIGAN
ISL,ALASKA
ISM,FLORIDA
ISN,NORTHDAKOTA
ISO,NORTHCAROLINA
ISP,NEWYORK
ISQ,MICHIGAN
ISS,MAINE
ISW,WISCONSIN
ITH,NEWYORK
ITO,HAWAII
IVH,ALASKA
IWD,MICHIGAN
IWS,TEXAS
IYK,CALIFORNIA
JAC,WYOMING
JAE,GEORGIA
JAJ,GEORGIA
JAN,MISSISSIPPI
JAO,GEORGIA
JAR,CALIFORNIA
JAS,TEXAS
JAX,FLORIDA
JBC,MASSACHUSETTS
JBK,CALIFORNIA
JBP,CALIFORNIA
JBR,ARKANSAS
JBS,CALIFORNIA
JBT,ALASKA
JCC,CALIFORNIA
JCE,CALIFORNIA
JCI,MISSOURI
JCT,TEXAS
JCY,TEXAS
JDA,OREGON
JDB,TEXAS
JDM,FLORIDA
JDN,MONTANA
JDX,TEXAS
JDY,CALIFORNIA
JEF,MISSOURI
JEM,CALIFORNIA
JFK,NEWYORK
JFN,OHIO
JGC,ARIZONA
JGL,GEORGIA
JGP,TEXAS
JGQ,TEXAS
JGX,CALIFORNIA
JHC,NEWYORK
JHW,NEWYORK
JHY,MASSACHUSETTS
JID,CALIFORNIA
JKV,TEXAS
JLA,ALASKA
JLC,TEXAS
JLN,MISSOURI
JLX,CALIFORNIA
JMA,TEXAS
JMC,CALIFORNIA
JMH,ILLINOIS
JMS,NORTHDAKOTA
JNP,CALIFORNIA
JNU,ALASKA
JOC,CALIFORNIA
JOR,CALIFORNIA
JOT,ILLINOIS
JPD,CALIFORNIA
JPJ,NEWJERSEY
JPT,TEXAS
JRA,NEWYORK
JRB,NEWYORK
JRE,NEWYORK
JSD,CONNECTICUT
JSK,MINNESOTA
JSL,NEWJERSEY
JST,PENNSYLVANIA
JTC,TEXAS
JTO,CALIFORNIA
JVI,NEWJERSEY
JVL,WISCONSIN
JWH,TEXAS
JWL,TEXAS
JXN,MICHIGAN
JZA,MISSISSIPPI
JZB,MASSACHUSETTS
JZC,NORTHDAKOTA
JZE,ALASKA
JZG,SOUTHDAKOTA
JZH,SOUTHDAKOTA
JZI,TENNESSEE
JZJ,MINNESOTA
JZK,MINNESOTA
JZL,CALIFORNIA
JZM,ALASKA
JZN,WASHINGTON
JZO,IDAHO
JZP,OREGON
JZQ,FLORIDA
JZR,MONTANA
JZS,CALIFORNIA
JZT,TEXAS
JZU,VERMONT
JZV,ARKANSAS
JZW,ALABAMA
JZX,CALIFORNIA
JZY,IDAHO
KAE,ALASKA
KAL,ALASKA
KBC,ALASKA
KBE,ALASKA
KBK,ALASKA
KBW,ALASKA
KCC,ALASKA
KCG,ALASKA
KCK,KANSAS
KCL,ALASKA
KCN,ALASKA
KCQ,ALASKA
KCR,ALASKA
KDK,ALASKA
KEB,ALASKA
KEH,WASHINGTON
KEK,ALASKA
KEU,ALASKA
KFP,ALASKA
KGK,ALASKA
KGX,ALASKA
KGZ,ALASKA
KIB,ALASKA
KIC,CALIFORNIA
KKA,ALASKA
KKB,ALASKA
KKF,ALASKA
KKH,ALASKA
KKI,ALASKA
KKK,ALASKA
KKL,ALASKA
KKT,INDIANA
KKU,ALASKA
KLG,ALASKA
KLL,ALASKA
KLN,ALASKA
KLP,ALASKA
KLS,WASHINGTON
KLW,ALASKA
KMC,ALASKA
KMO,ALASKA
KMY,ALASKA
KNB,UTAH
KNK,ALASKA
KNW,ALASKA
KOT,ALASKA
KOY,ALASKA
KOZ,ALASKA
KPB,ALASKA
KPC,ALASKA
KPD,PENNSYLVANIA
KPH,ALASKA
KPK,ALASKA
KPN,ALASKA
KPR,ALASKA
KPT,NEVADA
KPV,ALASKA
KPY,ALASKA
KQA,ALASKA
KSM,ALASKA
KTB,ALASKA
KTH,ALASKA
KTN,ALASKA
KTS,ALASKA
KTY,ALASKA
KUK,ALASKA
KUY,ALASKA
KVC,ALASKA
KVL,ALASKA
KWF,ALASKA
KWK,ALASKA
KWN,ALASKA
KWP,ALASKA
KWT,ALASKA
KXA,ALASKA
KYK,ALASKA
KYL,FLORIDA
KYU,ALASKA
KZB,ALASKA
KZH,ALASKA
LAA,COLORADO
LAF,INDIANA
LAL,FLORIDA
LAM,NEWMEXICO
LAN,MICHIGAN
LAR,WYOMING
LAS,NEVADA
LAW,OKLAHOMA
LAX,CALIFORNIA
LBB,TEXAS
LBE,PENNSYLVANIA
LBF,NEBRASKA
LBL,KANSAS
LBT,NORTHCAROLINA
LCH,LOUISIANA
LCI,NEWHAMPSHIRE
LCK,OHIO
LDJ,NEWJERSEY
LDM,MICHIGAN
LEB,NEWHAMPSHIRE
LEE,FLORIDA
LEM,SOUTHDAKOTA
LEW,MAINE
LEX,KENTUCKY
LFI,VA
LFK,TEXAS
LFN,N.CAROLINA
LFT,LOUISIANA
LGA,NEWYORK
LGB,CALIFORNIA
LGC,GEORGIA
LGD,OREGON
LGU,UTAH
LHB,ALASKA
LHV,PENNSYLVANIA
LIC,COLORADO
LIJ,ALASKA
LIT,ARKANSAS
LIV,ALASKA
LIY,GEORGIA
LIZ,MAINE
LJN,TEXAS
LKE,WASHINGTON
LKK,ALASKA
LKS,TEXAS
LKV,OREGON
LLD,COLORADO
LLX,VERMONT
LLY,NEWJERSEY
LMA,ALASKA
LMS,MISSISSIPPI
LMT,OREGON
LNA,FL-COUNTY
LND,WYOMING
LNI,ALASKA
LNK,NEBRASKA
LNN,OHIO
LNP,VIRGINIA
LNR,WISCONSIN
LNS,PENNSYLVANIA
LOG,WASHINGTON
LOL,NEVADA
LOT,ILLINOIS
LOW,VIRGINIA
LOZ,KENTUCKY
LPC,CALIFORNIA
LPO,INDIANA
LPS,WASHINGTON
LPW,ALASKA
LQK,SOUTHCAROLINA
LRD,TEXAS
LRF,ARKANSAS
LRJ,IOWA
LRU,NEWMEXICO
LSB,NEWMEXICO
LSE,WISCONSIN
LSF,GEORGIA
LSK,WYOMING
LSN,CALIFORNIA
LSR,ALASKA
LSV,NEVADA
LTH,NEVADA
LTS,OKLAHOMA
LTW,MARYLAND
LUF,ARIZONA
LUK,OHIO
LUR,ALASKA
LVD,ALASKA
LVK,CALIFORNIA
LVL,VIRGINIA
LVM,MONTANA
LVS,NEWMEXICO
LWB,WESTVIRGINIA
LWC,KANSAS
LWL,NEVADA
LWM,MASSACHUSETTS
LWS,IDAHO
LWT,MONTANA
LWV,ILLINOIS
LXN,NEBRASKA
LXV,COLORADO
LYH,VIRGINIA
LYO,KANSAS
LYU,MINNESOTA
MAE,CALIFORNIA
MAF,TEXAS
MAW,MISSOURI
MBG,SOUTHDAKOTA
MBL,MICHIGAN
MBS,MICHIGAN
MBY,MISSOURI
MCB,MISSISSIPPI
MCC,CALIFORNIA
MCD,MICHIGAN
MCE,CALIFORNIA
MCF,FLORIDA
MCG,ALASKA
MCI,MISSOURI
MCK,NEBRASKA
MCL,ALASKA
MCN,GEORGIA
MCO,FLORIDA
MCW,IOWA
MDD,TEXAS
MDF,WISCONSIN
MDH,ILLINOIS
MDJ,OREGON
MDN,INDIANA
MDO,ALASKA
MDR,ALASKA
MDT,PENNSYLVANIA
MDW,ILLINOIS
MEI,MISSISSIPPI
MEJ,PENNSYLVANIA
MEM,TENNESSEE
MEO,NORTHCAROLINA
MEV,NEVADA
MFD,OHIO
MFE,TEXAS
MFH,NEVADA
MFI,WISCONSIN
MFR,OREGON
MFV,VIRGINIA
MGC,INDIANA
MGE,GEORGIA
MGJ,NEWYORK
MGM,ALABAMA
MGR,GEORGIA
MGW,WESTVIRGINIA
MGY,OHIO
MHE,SOUTHDAKOTA
MHK,KANSAS
MHL,MISSOURI
MHM,ALASKA
MHN,NEBRASKA
MHR,CALIFORNIA
MHS,CALIFORNIA
MHT,NEWHAMPSHIRE
MHV,CALIFORNIA
MIA,FLORIDA
MIB,NORTHDAKOTA
MIE,INDIANA
MIF,TEXAS
MIO,OKLAHOMA
MIQ,NEBRASKA
MIT,CALIFORNIA
MIV,NEWJERSEY
MIW,IOWA
MJQ,MINNESOTA
MJX,NEWJERSEY
MKC,MISSOURI
MKE,WISCONSIN
MKG,MICHIGAN
MKK,HAWAII
MKL,TENNESSEE
MKO,OKLAHOMA
MKT,MINNESOTA
MLB,FLORIDA
MLC,OKLAHOMA
MLD,IDAHO
MLF,UTAH
MLI,ILLINOIS
MLJ,GEORGIA
MLK,MONTANA
MLL,ALASKA
MLS,MONTANA
MLT,MAINE
MLU,LOUISIANA
MLY,ALASKA
MMH,CALIFORNIA
MMI,TENNESSEE
MML,MINNESOTA
MMN,MASSACHUSETTS
MMS,MISSISSIPPI
MMT,SOUTHCAROLINA
MMU,NEWJERSEY
MNM,MICHIGAN
MNN,OHIO
MNT,ALASKA
MNZ,VIRGINIA
MOB,ALABAMA
MOD,CALIFORNIA
MOP,MICHIGAN
MOR,TENNESSEE
MOS,ALASKA
MOT,NORTHDAKOTA
MOU,ALASKA
MOX,MINNESOTA
MPB,FLORIDA
MPE,CONNECTICUT
MPJ,ARKANSAS
MPO,PENNSYLVANIA
MPR,KANSAS
MPS,TEXAS
MPV,VERMONT
MPZ,IOWA
MQB,ILLINOIS
MQI,MASSACHUSETTS
MQT,MICHIGAN
MQW,GEORGIA
MQY,TENNESSEE
MRB,WESTVIRGINIA
MRC,TENNESSEE
MRF,TEXAS
MRI,ALASKA
MRK,FLORIDA
MRN,NORTHCAROLINA
MRY,CALIFORNIA
MSC,ARIZONA
MSD,UTAH
MSL,ALABAMA
MSN,WISCONSIN
MSO,MONTANA
MSP,MINNESOTA
MSS,NEWYORK
MSV,NEWYORK
MSY,LOUISIANA
MTC,MICHIGAN
MTH,FLORIDA
MTJ,COLORADO
MTM,ALASKA
MTN,MARYLAND
MTO,ILLINOIS
MTP,NEWYORK
MTW,WISCONSIN
MTX,ALASKA
MUO,IDAHO
MUT,IOWA
MUU,PENNSYLVANIA
MVC,ALABAMA
MVL,VERMONT
MVM,ARIZONA
MVN,ILLINOIS
MVW,WASHINGTON
MVY,MA
MWA,ILLINOIS
MWC,WISCONSIN-TIMMERMAN
MWH,WASHINGTON
MWL,TEXAS
MWM,MINNESOTA
MWO,OHIO
MWS,CALIFORNIA
MXA,ARKANSAS
MXC,UTAH
MXE,NORTHCAROLINA
MXF,ALABAMA
MXG,MASSACHUSETTS
MXO,IOWA
MXY,ALASKA
MYF,CALIFORNIA
MYH,ARIZONA
MYK,ALASKA
MYL,IDAHO
MYR,SOUTHCAROLINA
MYU,ALASKA
MYV,CALIFORNIA
MZJ,ARIZONA
MZZ,INDIANA
NAX,HAWAII
NBG,LOUISIANA
NBU,ILLINOIS
NCN,ALASKA
NCO,RHODEISLAND
NEL,NEWJERSEY
NEN,FLORIDA
NES,NEWYORK
NEW,LOUISIANA
NFL,NEVADA
NGC,ARIZONA
NGF,HAWAII
NGP,TEXAS
NGU,VIRGINIA
NGW,TEXAS
NGZ,CALIFORNIA
NHK,MARYLAND
NHX,ALABAMA
NHZ,MAINE
NIB,ALASKA
NIE,ALASKA
NIN,ALASKA
NIP,FLORIDA
NKI,ALASKA
NKT,NC
NKV,ALASKA
NKX,CALIFORNIA
NLE,MICHIGAN
NLG,ALASKA
NME,ALASKA
NNK,ALASKA
NNL,ALASKA
NOT,CALIFORNIA
NPA,FLORIDA
NPH,UTAH
NPT,RHODEISLAND
NQA,TENNESSEE
NQI,TEXAS
NQX,FLORIDA
NRB,FLORIDA
NRC,CALIFORNIA
NRI,OKLAHOMA
NSE,FLORIDA
NTD,CALIFORNIA
NTJ,UTAH
NTU,VIRGINIA
NUI,ALASKA
NUL,ALASKA
NUP,ALASKA
NUQ,CALIFORNIA
NUW,WASHINGTON
NVD,MISSOURI
NWH,NEWHAMPSHIRE
NWS,NEWYORK
NXX,PENNSYLVANIA
NYC,NEWYORK
NZC,FLORIDA
NZJ,CALIFORNIA
NZW,MASSACHUSETTS
NZY,CALIFORNIA
OAJ,NORTHCAROLINA
OAK,CALIFORNIA
OBE,FLORIDA
OBK,ILLINOIS
OBT,MARYLAND
OBU,ALASKA
OCA,FLORIDA
OCE,MARYLAND
OCF,FLORIDA
OCH,TEXAS
OCI,ALASKA
OCN,CALIFORNIA
OCW,NORTHCAROLINA
ODM,MARYLAND
ODW,WASHINGTON
OEA,INDIANA
OEO,WISCONSIN
OFF,NEBRASKA
OFK,NEBRASKA
OGA,NEBRASKA
OGB,SOUTHCAROLINA
OGD,UTAH
OGS,NEWYORK
OHC,ALASKA
OHG,ALASKA
OJC,MISSOURI
OKC,OKLAHOMA
OKK,INDIANA
OKM,OKLAHOMA
OKS,NEBRASKA
OLD,MAINE
OLE,NEWYORK
OLF,MONTANA
OLH,ALASKA
OLM,WASHINGTON
OLS,ARIZONA
OLU,NEBRASKA
OLV,MISSISSIPPI
OLY,ILLINOIS
OMA,NEBRASKA
OME,ALASKA
OMK,WASHINGTON
ONA,MINNESOTA
ONH,NEWYORK
ONL,NEBRASKA
ONM,NEWMEXICO
ONN,ALASKA
ONO,OREGON
ONP,OREGON
ONT,CALIFORNIA
ONY,TEXAS
OOA,IOWA
OOK,ALASKA
OPF,FLORIDA
OPL,LOUISIANA
ORD,ILLINOIS
ORF,VIRGINIA
ORH,MASSACHUSETTS
ORI,ALASKA
ORL,FLORIDA
ORQ,CONNECTICUT
ORT,ALASKA
ORV,ALASKA
OSB,MISSOURI
OSC,MICHIGAN
OSH,WISCONSIN
OSU,OHIO
OSX,MISSISSIPPI
OTG,MINNESOTA
OTH,OREGON
OTM,IOWA
OTN,INDIANA
OTO,NEWMEXICO
OTS,WASHINGTON
OTZ,ALASKA
OUN,OKLAHOMA
OVE,CALIFORNIA
OWA,MINNESOTA
OWB,KENTUCKY
OWD,MASSACHUSETTS
OWK,MAINE
OXC,CONNECTICUT
OXR,CALIFORNIA
OYS,CALIFORNIA
OZA,TEXAS
OZR,ALABAMA
PAE,WASHINGTON
PAH,KENTUCKY
PAM,FLORIDA
PAO,CALIFORNIA
PAQ,ALASKA
PBA,ALASKA
PBF,ARKANSAS
PBG,NEWYORK
PBI,FLORIDA
PBK,ALASKA
PCA,ALASKA
PCD,WISCONSIN
PCE,ALASKA
PCK,ALASKA
PCT,NEWJERSEY
PCU,MISSISSIPPI
PDB,ALASKA
PDK,GEORGIA
PDT,OREGON
PDX,OREGON
PEC,ALASKA
PEQ,TEXAS
PFA,ALASKA
PFC,OREGON
PFD,ALASKA
PFN,FLORIDA
PGA,ARIZONA
PGC,WESTVIRGINIA
PGD,FLORIDA
PGL,MISSISSIPPI
PGM,ALASKA
PGO,COLORADO
PGR,ARKANSAS
PGS,ARIZONA
PGV,NORTHCAROLINA
PHD,OHIO
PHF,VIRGINIA
PHK,FLORIDA
PHL,PENNSYLVANIA
PHN,MICHIGAN
PHO,ALASKA
PHP,SOUTHDAKOTA
PHT,TENNESSEE
PHX,ARIZONA
PIA,ILLINOIS
PIB,MISSISSIPPI
PIE,FLORIDA
PIH,IDAHO
PII,ALASKA
PIM,GEORGIA
PIP,ALASKA
PIR,SOUTHDAKOTA
PIT,PENNSYLVANIA
PIZ,ALASKA
PJB,ARIZONA
PJS,ALASKA
PKA,ALASKA
PKB,WESTVIRGINIA
PKD,MINNESOTA
PKF,WISCONSIN
PLB,NEWYORK
PLK,MISSOURI
PLN,MICHIGAN
PLR,ALABAMA
PLY,INDIANA
PMB,NORTHDAKOTA
PMD,CALIFORNIA
PMH,OHIO
PML,ALASKA
PMU,ALASKA
PMX,MASSACHUSETTS
PNC,OKLAHOMA
PNE,PENNSYLVANIA
PNF,ALASKA
PNN,MAINE
PNS,FLORIDA
PNU,UTAH
PNX,TEXAS
POB,NORTHCAROLINA
POC,CALIFORNIA
POE,LOUISIANA
POF,MISSOURI
POH,IOWA
POQ,ALASKA
POU,NEWYORK
POY,WYOMING
PPA,TEXAS
PPC,ALASKA
PPF,KANSAS
PPM,FLORIDA
PPV,ALASKA
PQI,MAINE
PQS,ALASKA
PRB,CALIFORNIA
PRC,ARIZONA
PRF,ALASKA
PRL,ALASKA
PRW,WISCONSIN
PRX,TEXAS
PRZ,OREGON
PSB,PENNSYLVANIA
PSC,WASHINGTON
PSF,MASSACHUSETTS
PSG,ALASKA
PSK,VIRGINIA
PSM,NEWHAMPSHIRE
PSN,TEXAS
PSP,CALIFORNIA
PSX,TEXAS
PTA,ALASKA
PTB,VIRGINIA
PTC,ALASKA
PTD,ALASKA
PTH,ALASKA
PTK,MICHIGAN
PTL,ALASKA
PTN,LA
PTR,ALASKA
PTS,KANSAS
PTT,KANSAS
PTU,ALASKA
PTV,CALIFORNIA
PTW,PENNSYLVANIA
PUB,COLORADO
PUC,UTAH
PUL,WASHINGTON
PUO,ALASKA
PUW,WASHINGTON
PVC,MASSACHUSETTS
PVD,RHODEISLAND
PVF,CALIFORNIA
PVU,UTAH
PVW,TEXAS
PVY,ALASKA
PVZ,OHIO
PWA,OKLAHOMA
PWD,MONTANA
PWK,ILLINOIS
PWM,MAINE
PWR,ALASKA
PWT,WASHINGTON
PXL,ARIZONA
PYL,ALASKA
PYM,MASSACHUSETTS
QCE,COLORADO
QFE,GEORGIA
QKB,COLORADO
QKS,COLORADO
QMV,NEWJERSEY
QQA,WASHINGTON
QQB,ALASKA
QQD,MASSACHUSETTS
QQI,WASHINGTON
QQJ,MONTANA
QQK,CALIFORNIA
QQL,IDAHO
QQM,CALIFORNIA
QQN,CALIFORNIA
QQO,WASHINGTON
QQP,CALIFORNIA
QQQ,CALIFORNIA
QQR,PENNSYLVANIA
QQS,WASHINGTON
QQU,ARIZONA
QQW,CALIFORNIA
QQX,CALIFORNIA
QQY,TEXAS
QWM,COLORADO
QWP,COLORADO
RAC,WISCONSIN
RAL,CALIFORNIA
RAP,SOUTHDAKOTA
RBF,CALIFORNIA
RBG,OREGON
RBH,ALASKA
RBK,CALIFORNIA
RBL,CALIFORNIA
RBN,FL
RBW,SOUTHCAROLINA
RBY,ALASKA
RCA,SOUTHDAKOTA
RCE,WASHINGTON
RCK,TEXAS
RCT,MICHIGAN
RDB,ALASKA
RDD,CALIFORNIA
RDG,PENNSYLVANIA
RDM,OREGON
RDR,NORTHDAKOTA
RDU,NORTHCAROLINA
RDV,ALASKA
RED,PENNSYLVANIA
REE,TEXAS
REH,DELAWARE
REO,OREGON
RFD,ILLINOIS
RFK,MISSISSIPPI
RGR,TEXAS
RHI,WISCONSIN
RHV,CALIFORNIA-REIDHILL
RIC,VIRGINIA
RID,INDIANA
RIE,WISCONSIN
RIF,UTAH
RIL,COLORADO
RIV,CALIFORNIA
RIW,WYOMING
RKC,CALIFORNIA
RKD,MAINE
RKH,SOUTHCAROLINA
RKP,TEXAS
RKR,OKLAHOMA
RKS,WYOMING
RKW,TENNESSEE
RLA,MISSOURI
RLD,WASHINGTON
RLU,ALASKA
RME,NEWYORK
RMG,GEORGIA
RMP,ALASKA
RMT,NC
RNC,TENNESSEE
RND,TEXAS
RNG,COLORADO
RNH,WISCONSIN
RNO,NEVADA
RNT,WASHINGTON
RNZ,INDIANA
ROA,VIRGINIA
ROC,NEWYORK
ROG,ARKANSAS
ROL,UTAH
ROW,NEWMEXICO
ROX,MINNESOTA
RPX,MONTANA
RQA,CALIFORNIA
RQB,IDAHO
RQC,MONTANA
RQD,CALIFORNIA
RQE,WASHINGTON
RQF,NORTHCAROLINA
RQG,TENNESSEE
RQH,PENNSYLVANIA
RQI,ALASKA
RQK,CALIFORNIA
RQL,INDIANA
RQM,MASSACHUSETTS
RQN,OREGON
RQO,NEWYORK
RQP,NEWMEXICO
RQQ,CALIFORNIA
RQR,MICHIGAN
RQT,TEXAS
RQU,CALIFORNIA
RQV,UTAH
RQW,UTAH
RQX,COLORADO
RQY,TEXAS
RQZ,FLORIDA
RRL,WISCONSIN
RRT,MINNESOTA
RSH,ALASKA
RSJ,WASHINGTON
RSL,KANSAS
RSN,LOUISIANA
RSP,ALASKA
RST,MINNESOTA
RSW,FLORIDA
RSX,NEWYORK
RTD,FLORIDA
RTE,ALASKA
RTL,IOWA
RTN,NEWMEXICO
RTO,CALIFORNIA
RUI,NEWMEXICO
RUT,VERMONT
RVR,UTAH
RVS,OKLAHOMA
RWB,ALASKA
RWF,MINNESOTA
RWI,NORTHCAROLINA
RWL,WYOMING
RZZ,NORTHCAROLINA
SAA,WYOMING
SAC,CALIFORNIA
SAD,ARIZONA
SAF,NEWMEXICO
SAG,ALASKA
SAN,CALIFORNIA
SAR,ILLINOIS
SAS,CALIFORNIA
SAT,TEXAS
SAV,GEORGIA
SAW,MICHIGAN
SBA,CALIFORNIA
SBD,CALIFORNIA
SBM,WISCONSIN
SBN,INDIANA
SBO,UTAH
SBP,CALIFORNIA
SBS,COLORADO
SBT,CALIFORNIA
SBX,MONTANA
SBY,MARYLAND
SCB,NEBRASKA
SCC,ALASKA
SCE,PENNSYLVANIA
SCF,ARIZONA
SCH,NEWYORK
SCJ,ALASKA
SCK,CALIFORNIA
SCM,ALASKA
SDF,KENTUCKY
SDM,CALIFORNIA
SDP,ALASKA
SDX,ARIZONA
SDY,MONTANA
SEA,WASHINGTON
SEE,CALIFORNIA
SEF,FLORIDA
SEG,PENNSYLVANIA
SEM,ALABAMA
SEP,TEXAS
SER,INDIANA
SES,ALABAMA
SFB,FLORIDA
SFF,WASHINGTON
SFM,MAINE
SFO,CALIFORNIA
SGF,MISSOURI
SGH,OHIO
SGR,TEXAS
SGT,ARKANSAS
SGU,UTAH
SGW,ALASKA
SGY,ALASKA
SHD,VIRGINIA
SHG,ALASKA
SHH,ALASKA
SHN,WASHINGTON
SHR,WYOMING
SHV,LOUISIANA
SHX,ALASKA
SIK,MISSOURI
SIT,ALASKA
SIV,INDIANA
SIY,CALIFORNIA
SJC,CALIFORNIA
SJN,ARIZONA
SJT,TEXAS
SKA,WASHINGTON
SKF,TEXAS
SKJ,ALASKA
SKK,ALASKA
SKW,ALASKA
SKY,OHIO
SLB,IOWA
SLC,UTAH
SLE,OREGON
SLG,ARKANSAS
SLJ,ARIZONA
SLK,NEWYORK
SLN,KANSAS
SLO,ILLINOIS
SLQ,ALASKA
SLR,TEXAS
SLT,COLORADO
SME,KENTUCKY
SMF,CALIFORNIA
SMK,ALASKA
SMN,IDAHO
SMO,CALIFORNIA
SMU,ALASKA
SMX,CALIFORNIA
SNA,CALIFORNIA
SNK,TEXAS
SNL,OKLAHOMA
SNP,ALASKA
SNS,CALIFORNIA
SNY,NEBRASKA
SOL,ALASKA
SOP,NC
SOV,ALASKA
SOW,ARIZONA
SPA,SC
SPF,SOUTHDAKOTA
SPG,FLORIDA
SPI,ILLINOIS
SPQ,CALIFORNIA
SPS,TEXAS
SPW,IOWA
SPZ,ARKANSAS
SQA,CALIFORNIA
SQI,ILLINOIS
SQL,CALIFORNIA
SQV,WASHINGTON
SRC,ARKANSAS
SRQ,FLORIDA
SRV,ALASKA
SRW,NORTHCAROLINA
SSC,SOUTHCAROLINA
SSI,GEORGIA
SSM,MICHIGAN
SSW,WASHINGTON
STC,MINNESOTA
STE,WISCONSIN
STG,ALASKA
STJ,MISSOURI
STK,COLORADO
STL,MISSOURI
STP,MINNESOTA
STQ,PENNSYLVANIA
STS,CALIFORNIA
SUA,FLORIDA
SUC,WYOMING
SUD,OKLAHOMA
SUE,WISCONSIN
SUM,SOUTHCAROLINA
SUN,IDAHO
SUO,OREGON
SUS,MISSOURI
SUU,CALIFORNIA
SUW,WI
SUX,IOWA
SVA,ALASKA
SVC,NEWMEXICO
SVE,CALIFORNIA
SVH,NORTHCAROLINA
SVN,GEORGIA
SVS,ALASKA
SVW,ALASKA
SWD,ALASKA
SWF,NEWYORK
SWO,OKLAHOMA
SWW,TEXAS
SXC,CALIFORNIA
SXP,ALASKA
SXQ,ALASKA
SXY,NEWYORK
SYA,ALASKA
SYB,ALASKA
SYI,TENNESSEE
SYN,MINNESOTA
SYR,NEWYORK
SYV,GEORGIA
SZL,MISSOURI
SZP,CALIFORNIA
TAD,COLORADO
TAL,ALASKA
TBC,ARIZONA
TBN,MISSOURI
TBR,GEORGIA
TCC,NEWMEXICO
TCL,ALABAMA
TCM,WASHINGTON
TCS,NM
TCT,ALASKA
TDW,TEXAS
TEB,NEWJERSEY
TEH,ALASKA
TEK,ALASKA
TEX,COLORADO
TGE,ALABAMA
THA,TENNESSEE
THP,WYOMING
TIK,OKLAHOMA
TIW,WASHINGTON
TIX,FLORIDA
TKA,ALASKA
TKE,ALASKA
TKF,CALIFORNIA
TKI,ALASKA
TKJ,ALASKA
TLA,ALASKA
TLF,ALASKA
TLH,FLORIDA
TLJ,ALASKA
TLR,CALIFORNIA
TLT,ALASKA
TMA,GEORGIA
TNC,ALASKA
TNK,ALASKA
TNP,CALIFORNIA
TNT,FLORIDA
TNU,IOWA
TOA,CALIFORNIA
TOC,GEORGIA
TOG,ALASKA
TOI,ALABAMA
TOL,OHIO
TOP,KANSAS
TOR,WYOMING
TPA,FLORIDA
TPH,NEVADA
TPL,TEXAS
TPO,ALASKA
TRH,CALIFORNIA
TRI,TENNESSEE
TRM,CALIFORNIA
TRX,MISSOURI
TSG,ALASKA
TSM,NEWMEXICO
TSP,CALIFORNIA
TSS,NEWYORK
TTD,OREGON
TTN,NEWJERSEY
TTO,SOUTHDAKOTA
TUH,TENNESSEE
TUL,OKLAHOMA
TUP,MISSISSIPPI
TUS,ARIZONA
TVC,MICHIGAN
TVF,MINNESOTA
TVI,GEORGIA
TVL,CALIFORNIA
TWA,ALASKA
TWD,WASHINGTON
TWE,ALASKA
TWF,IDAHO
TWH,CALIFORNIA
TXK,ARKANSAS
TYE,ALASKA
TYR,TEXAS
TYS,TENNESSEE
TYZ,ARIZONA
UCA,NEWYORK
UCE,LOUISIANA
UCY,TENNESSEE
UDD,CALIFORNIA
UES,WISCONSIN
UGB,ALASKA
UGI,ALASKA
UGN,ILLINOIS
UGS,ALASKA
UIL,WASHINGTON
UIN,ILLINOIS
UKI,CALIFORNIA
UKN,IOWA
UKT,PENNSYLVANIA
ULM,MINNESOTA
UMB,ALASKA
UMM,ALASKA
UMT,ALASKA
UNK,ALASKA
UNS,ALASKA
UNU,WISCONSIN
UOS,TENNESSEE
UOX,MISSISSIPPI
UPP,HAWAII
UQE,ALASKA
UST,FLORIDA
UTO,ALASKA
UUK,ALASKA
UVA,TEXAS
UWA,MASSACHUSETTS
UXA,ALASKA
UXC,MINNESOTA
UXD,CALIFORNIA
UXE,SOUTHDAKOTA
UXF,IDAHO
UXG,UTAH
UXI,ALASKA
UXJ,KENTUCKY
UXK,CALIFORNIA
UXL,ALASKA
UXM,ALASKA
UXN,KENTUCKY
UXO,MASSACHUSETTS
UXP,MISSISSIPPI
UXR,UTAH
UXS,KANSAS
UXT,OHIO
UXU,MICHIGAN
UXV,OREGON
UXW,TENNESSEE
UXX,MONTANA
UXY,MONTANA
UXZ,NORTHDAKOTA
VAD,GEORGIA
VAK,ALASKA
VBG,CALIFORNIA
VCB,ALASKA
VCT,TEXAS
VCV,CALIFORNIA
VDI,GEORGIA
VDZ,ALASKA
VEE,ALASKA
VEL,UTAH
VEX,NORTHDAKOTA
VGT,NEVADA
VHN,TEXAS
VIH,MISSOURI
VIS,CALIFORNIA
VJI,VIRGINIA
VKW,ALASKA
VLA,ILLINOIS
VLD,GEORGIA
VLE,ARIZONA
VLO,CALIFORNIA
VNC,FLORIDA
VNY,CALIFORNIA
VOK,WISCONSIN
VPS,FLORIDA
VPZ,INDIANA
VRB,FLORIDA
VRS,MISSOURI
VSF,VERMONT
VTN,NEBRASKA
VWA,ALABAMA
VWB,OREGON
VWC,TENNESSEE
VWD,CALIFORNIA
VWE,WASHINGTON
VWF,SOUTHDAKOTA
VWG,OREGON
VWH,TEXAS
VWI,CALIFORNIA
VWJ,SOUTHCAROLINA
VWK,NEWYORK
VWL,MINNESOTA
VWM,CALIFORNIA
VWN,ARIZONA
VWO,WASHINGTON
VWP,IDAHO
VWQ,CALIFORNIA
VWR,CALIFORNIA
VWS,KANSAS
VWT,GEORGIA
VWU,NORTHDAKOTA
VWV,OKLAHOMA
VWW,MONTANA
VWX,TEXAS
VWZ,ALASKA
VYS,ILLINOIS
VZA,ALASKA
VZB,ALASKA
VZC,ALASKA
VZD,ALASKA
VZE,ALASKA
VZF,ALASKA
VZG,ALASKA
VZH,TEXAS
VZI,ALABAMA
VZJ,IDAHO
VZL,ALASKA
VZM,ALASKA
VZN,ALASKA
VZO,ALASKA
VZP,ALASKA
VZQ,ALASKA
VZR,ALASKA
VZS,ALASKA
VZT,ALASKA
VZU,ALASKA
VZV,ALASKA
VZW,ALASKA
VZY,ALASKA
VZZ,MINNESOTA
WAA,ALASKA
WAH,NORTHDAKOTA
WAL,VIRGINIA
WAS,D.C.
WAX,MINNESOTA
WBB,ALASKA
WBI,COLORADO
WBN,MASSACHUSETTS
WBQ,ALASKA
WBR,MICHIGAN
WBU,COLORADO
WCR,ALASKA
WDB,ALASKA
WDG,OKLAHOMA
WDN,WASHINGTON
WDR,GEORGIA
WEA,TEXAS
WFB,ALASKA
WFK,MAINE
WGO,VIRGINIA
WHD,ALASKA
WHH,COLORADO
WHR,COLORADO
WHT,TEXAS
WJF,CALIFORNIA
WKK,ALASKA
WLB,ALASKA
WLD,KANSAS
WLK,ALASKA
WLM,MASSACHUSETTS
WLN,ALASKA
WLR,ALASKA
WLW,CALIFORNIA
WMC,NEVADA
WMH,ARKANSAS
WMK,ALASKA
WMO,ALASKA
WNA,ALASKA
WNC,ALASKA
WOD,ALASKA
WOO,ALASKA
WOW,ALASKA
WPO,COLORADO
WQA,NEWYORK
WQB,NORTHDAKOTA
WQC,MONTANA
WQD,CALIFORNIA
WQE,CALIFORNIA
WQF,IDAHO
WQG,CALIFORNIA
WQH,CALIFORNIA
WQI,WASHINGTON
WQJ,ALASKA
WQK,MONTANA
WQL,ALASKA
WQM,LOUISIANA
WQN,KENTUCKY
WQO,CALIFORNIA
WQP,CALIFORNIA
WQQ,SOUTHDAKOTA
WQS,MONTANA
WQT,MONTANA
WQU,NEWMEXICO
WQV,ALASKA
WQW,ALASKA
WQX,ALASKA
WQY,ALASKA
WQZ,ALASKA
WRB,GEORGIA
WRG,ALASKA
WRH,ALASKA
WRI,NEWJERSEY
WRL,WYOMONG
WSB,ALASKA
WSG,PENNSYLVANIA
WSH,NEWYORK
WSJ,ALASKA
WSM,ALASKA
WSN,ALASKA
WST,RHODEISLAND
WSX,WASHINGTON
WTC,NEWYORK
WTK,ALASKA
WTL,ALASKA
WTR,ARIZONA
WVI,CALIFORNIA
WVL,MAINE
WWA,ALASKA
WWD,NEWJERSEY
WWP,ALASKA
WWR,OKLAHOMA
WWT,ALASKA
WYB,ALASKA
WYS,MONTANA
XES,WISCONSIN
XMD,SOUTHDAKOTA
XMR,FLORIDA
XNA,AK
XPR,SOUTHDAKOTA
XPU,ALASKA
XSD,NEVADA
XSM,MARYLAND
XWA,ALASKA
XWB,ALASKA
XWC,ALASKA
XWE,WASHINGTON
XWF,IDAHO
XWH,NEWMEXICO
XWI,MONTANA
XWJ,MAINE
XWK,WASHINGTON
XWL,IDAHO
XWN,FLORIDA
XWO,NEBRASKA
XWR,ALASKA
XWS,ALASKA
XWT,ALASKA
XWU,ALABAMA
XWV,MICHIGAN
XWW,IDAHO
XWY,TEXAS
XWZ,WASHINGTON
XXD,TEXAS
XXE,NEWJERSEY
XXG,MASSACHUSETTS
XXM,CALIFORNIA
XXN,CALIFORNIA
XXO,UTAH
XXP,CALIFORNIA
XXQ,ILLINOIS
XXR,CALIFORNIA
XXS,OREGON
XXT,MONTANA
XXU,OREGON
XXV,WASHINGTON
XXW,FLORIDA
XXX,ARKANSAS
XXY,CALIFORNIA
XXZ,NEWMEXICO
YAK,ALASKA
YIP,MICHIGAN
YKM,WASHINGTON
YKN,SOUTHDAKOTA
YNG,OHIO
YUM,ARIZONA
ZBP,MARYLAND
ZBS,ARIZONA
ZBV,COLORADO
ZBX,MISSOURI
ZFT,FLORIDA
ZJO,CALIFORNIA-BUSSTN
ZML,WISCONSIN
ZNC,ALASKA
ZP1,CA-LONGBEACH
ZP2,NEWYORK-WESTCHESTR
ZP5,CA-OAKLAND
ZP6,CA-PALMDALE
ZPA,PENNSYLVANIA-RR
ZPH,FLORIDA
ZPL,PENNSYLVANIA-RR
ZRA,NEWJERSEY
ZRD,NEWYORK
ZRF,ILLINOIS
ZRL,NEWYORK
ZRP,NEWJERSEY
ZSF,MISSOURI
ZSH,NEWMEXICO
ZSM,CALIFORNIA
ZSV,MISSOURI
ZTL,COLORADO
ZTY,PENNSYLVANIA
ZUA,FLORIDA-RR
ZUF,MICHIGAN-RR
ZUG,NC-RR
ZUJ,FLORIDA-RR
ZUK,GEORGIA-RR
ZUN,ILLINOIS
ZUP,PA-RR
ZUR,NC-RR
ZUS,ILLINOIS-RR
ZUT,MICHIGAN-RR
ZUW,CA-UNIONRR
ZUX,CA-RR
ZWP,FLORIDA
ZWU,DC
ZXB,NEWMEXICO
ZXC,CALIFORNIA
ZXF,ALASKA
ZXH,ALASKA
ZXI,ALASKA
ZXJ,ALASKA
ZXK,ALASKA
ZXL,ALASKA
ZXM,ALASKA
ZXN,ALASKA
ZXO,ALASKA
ZXP,ALASKA
ZXR,CALIFORNIA
ZXS,IDAHO
ZXT,CALIFORNIA
ZXU,RHODEISLAND
ZXV,INDIANA
ZXW,CALIFORNIA
ZXX,WASHINGTON
ZXY,COLORADO
ZXZ,WASHINGTON
ZYP,NEWYORK
ZZA,CONNECTICUT-RR
ZZB,MARYLAND-BWIRRSTN
ZZC,MARYLAND
ZZD,VIRGINIA-RR
ZZK,VIRGINIA-RR
ZZL,VIRGINIA-RR
ZZM,NEWYORK-RR
ZZT,NEWJERSEY-NJRRSTAT
ZZV,OHIO